model,dataset,ds_type,filename,input_size,true_labels,predicted_labels
vgg16baseline,SHHA,test,['/mnt/bigdrive/datasets/crowd-counting/C3Data/test_data//img/128.jpg'],300,33.01535400390625,37.13602294921875
vgg16baseline,SHHA,test,['/mnt/bigdrive/datasets/crowd-counting/C3Data/test_data//img/109.jpg'],300,50.038544921875,53.5948974609375
vgg16baseline,SHHA,test,['/mnt/bigdrive/datasets/crowd-counting/C3Data/test_data//img/51.jpg'],300,36.62989013671875,31.617939453125
vgg16baseline,SHHA,test,['/mnt/bigdrive/datasets/crowd-counting/C3Data/test_data//img/93.jpg'],300,34.31040283203125,33.3210302734375
vgg16baseline,SHHA,test,['/mnt/bigdrive/datasets/crowd-counting/C3Data/test_data//img/14.jpg'],300,187.3159765625,120.452763671875
vgg16baseline,SHHA,test,['/mnt/bigdrive/datasets/crowd-counting/C3Data/test_data//img/131.jpg'],300,50.43078125,52.4326220703125
vgg16baseline,SHHA,test,['/mnt/bigdrive/datasets/crowd-counting/C3Data/test_data//img/30.jpg'],300,39.312265625,55.3776611328125
vgg16baseline,SHHA,test,['/mnt/bigdrive/datasets/crowd-counting/C3Data/test_data//img/16.jpg'],300,48.784658203125,35.8373046875
vgg16baseline,SHHA,test,['/mnt/bigdrive/datasets/crowd-counting/C3Data/test_data//img/91.jpg'],300,9.276563720703125,14.101109619140624
vgg16baseline,SHHA,test,['/mnt/bigdrive/datasets/crowd-counting/C3Data/test_data//img/19.jpg'],300,55.774833984375,45.530771484375
vgg16baseline,SHHA,test,['/mnt/bigdrive/datasets/crowd-counting/C3Data/test_data//img/123.jpg'],300,15.99994140625,15.81328369140625
vgg16baseline,SHHA,test,['/mnt/bigdrive/datasets/crowd-counting/C3Data/test_data//img/15.jpg'],300,29.63284912109375,40.85754638671875
vgg16baseline,SHHA,test,['/mnt/bigdrive/datasets/crowd-counting/C3Data/test_data//img/170.jpg'],300,56.5855078125,89.040947265625
vgg16baseline,SHHA,test,['/mnt/bigdrive/datasets/crowd-counting/C3Data/test_data//img/92.jpg'],300,264.849921875,402.126015625
vgg16baseline,SHHA,test,['/mnt/bigdrive/datasets/crowd-counting/C3Data/test_data//img/154.jpg'],300,160.9405078125,149.4437109375
vgg16baseline,SHHA,test,['/mnt/bigdrive/datasets/crowd-counting/C3Data/test_data//img/4.jpg'],300,19.201790771484376,24.987509765625
vgg16baseline,SHHA,test,['/mnt/bigdrive/datasets/crowd-counting/C3Data/test_data//img/35.jpg'],300,154.272958984375,149.46326171875
vgg16baseline,SHHA,test,['/mnt/bigdrive/datasets/crowd-counting/C3Data/test_data//img/46.jpg'],300,141.327841796875,132.466630859375
vgg16baseline,SHHA,test,['/mnt/bigdrive/datasets/crowd-counting/C3Data/test_data//img/118.jpg'],300,24.75514404296875,21.56282958984375
vgg16baseline,SHHA,test,['/mnt/bigdrive/datasets/crowd-counting/C3Data/test_data//img/31.jpg'],300,37.7613623046875,36.94519775390625
vgg16baseline,SHHA,test,['/mnt/bigdrive/datasets/crowd-counting/C3Data/test_data//img/182.jpg'],300,73.51126953125,70.9933349609375
vgg16baseline,SHHA,test,['/mnt/bigdrive/datasets/crowd-counting/C3Data/test_data//img/71.jpg'],300,68.19408203125,51.77544921875
vgg16baseline,SHHA,test,['/mnt/bigdrive/datasets/crowd-counting/C3Data/test_data//img/37.jpg'],300,69.01552734375,64.0715576171875
vgg16baseline,SHHA,test,['/mnt/bigdrive/datasets/crowd-counting/C3Data/test_data//img/144.jpg'],300,34.95397216796875,52.506337890625
vgg16baseline,SHHA,test,['/mnt/bigdrive/datasets/crowd-counting/C3Data/test_data//img/152.jpg'],300,28.83331787109375,37.01400390625
vgg16baseline,SHHA,test,['/mnt/bigdrive/datasets/crowd-counting/C3Data/test_data//img/78.jpg'],300,46.6669921875,47.7032177734375
vgg16baseline,SHHA,test,['/mnt/bigdrive/datasets/crowd-counting/C3Data/test_data//img/101.jpg'],300,136.671669921875,152.04736328125
vgg16baseline,SHHA,test,['/mnt/bigdrive/datasets/crowd-counting/C3Data/test_data//img/27.jpg'],300,176.6555859375,160.2805859375
vgg16baseline,SHHA,test,['/mnt/bigdrive/datasets/crowd-counting/C3Data/test_data//img/165.jpg'],300,462.5353515625,246.41427734375
vgg16baseline,SHHA,test,['/mnt/bigdrive/datasets/crowd-counting/C3Data/test_data//img/50.jpg'],300,123.41337890625,49.7624267578125
vgg16baseline,SHHA,test,['/mnt/bigdrive/datasets/crowd-counting/C3Data/test_data//img/17.jpg'],300,204.39306640625,128.501220703125
vgg16baseline,SHHA,test,['/mnt/bigdrive/datasets/crowd-counting/C3Data/test_data//img/125.jpg'],300,30.34795166015625,37.49571533203125
vgg16baseline,SHHA,test,['/mnt/bigdrive/datasets/crowd-counting/C3Data/test_data//img/43.jpg'],300,90.40810546875,79.627822265625
vgg16baseline,SHHA,test,['/mnt/bigdrive/datasets/crowd-counting/C3Data/test_data//img/124.jpg'],300,23.2836572265625,21.772265625
vgg16baseline,SHHA,test,['/mnt/bigdrive/datasets/crowd-counting/C3Data/test_data//img/147.jpg'],300,165.818671875,114.56419921875
vgg16baseline,SHHA,test,['/mnt/bigdrive/datasets/crowd-counting/C3Data/test_data//img/75.jpg'],300,144.270126953125,152.963232421875
vgg16baseline,SHHA,test,['/mnt/bigdrive/datasets/crowd-counting/C3Data/test_data//img/119.jpg'],300,36.399912109375,39.5786181640625
vgg16baseline,SHHA,test,['/mnt/bigdrive/datasets/crowd-counting/C3Data/test_data//img/62.jpg'],300,41.4621728515625,44.4157763671875
vgg16baseline,SHHA,test,['/mnt/bigdrive/datasets/crowd-counting/C3Data/test_data//img/111.jpg'],300,31.3938232421875,27.92721435546875
vgg16baseline,SHHA,test,['/mnt/bigdrive/datasets/crowd-counting/C3Data/test_data//img/24.jpg'],300,165.20322265625,110.90365234375
vgg16baseline,SHHA,test,['/mnt/bigdrive/datasets/crowd-counting/C3Data/test_data//img/5.jpg'],300,84.250771484375,76.6009130859375
vgg16baseline,SHHA,test,['/mnt/bigdrive/datasets/crowd-counting/C3Data/test_data//img/105.jpg'],300,15.697330322265625,17.094620361328126
vgg16baseline,SHHA,test,['/mnt/bigdrive/datasets/crowd-counting/C3Data/test_data//img/98.jpg'],300,19.6297509765625,16.612979736328125
vgg16baseline,SHHA,test,['/mnt/bigdrive/datasets/crowd-counting/C3Data/test_data//img/151.jpg'],300,25.8068701171875,30.84753173828125
vgg16baseline,SHHA,test,['/mnt/bigdrive/datasets/crowd-counting/C3Data/test_data//img/180.jpg'],300,50.2151953125,29.57005859375
vgg16baseline,SHHA,test,['/mnt/bigdrive/datasets/crowd-counting/C3Data/test_data//img/174.jpg'],300,26.76191162109375,25.35456787109375
vgg16baseline,SHHA,test,['/mnt/bigdrive/datasets/crowd-counting/C3Data/test_data//img/138.jpg'],300,40.0612890625,38.40197265625
vgg16baseline,SHHA,test,['/mnt/bigdrive/datasets/crowd-counting/C3Data/test_data//img/169.jpg'],300,40.11197998046875,53.33693359375
vgg16baseline,SHHA,test,['/mnt/bigdrive/datasets/crowd-counting/C3Data/test_data//img/175.jpg'],300,152.209921875,220.28759765625
vgg16baseline,SHHA,test,['/mnt/bigdrive/datasets/crowd-counting/C3Data/test_data//img/11.jpg'],300,159.569248046875,124.830771484375
vgg16baseline,SHHA,test,['/mnt/bigdrive/datasets/crowd-counting/C3Data/test_data//img/89.jpg'],300,36.2978271484375,27.013212890625
vgg16baseline,SHHA,test,['/mnt/bigdrive/datasets/crowd-counting/C3Data/test_data//img/102.jpg'],300,34.041494140625,38.44439208984375
vgg16baseline,SHHA,test,['/mnt/bigdrive/datasets/crowd-counting/C3Data/test_data//img/76.jpg'],300,56.79076171875,79.9843701171875
vgg16baseline,SHHA,test,['/mnt/bigdrive/datasets/crowd-counting/C3Data/test_data//img/23.jpg'],300,263.300625,182.21580078125
vgg16baseline,SHHA,test,['/mnt/bigdrive/datasets/crowd-counting/C3Data/test_data//img/3.jpg'],300,43.3522509765625,59.089130859375
vgg16baseline,SHHA,test,['/mnt/bigdrive/datasets/crowd-counting/C3Data/test_data//img/67.jpg'],300,15.4083984375,30.310693359375
vgg16baseline,SHHA,test,['/mnt/bigdrive/datasets/crowd-counting/C3Data/test_data//img/146.jpg'],300,166.170625,109.70736328125
vgg16baseline,SHHA,test,['/mnt/bigdrive/datasets/crowd-counting/C3Data/test_data//img/142.jpg'],300,32.83030029296875,26.4377197265625
vgg16baseline,SHHA,test,['/mnt/bigdrive/datasets/crowd-counting/C3Data/test_data//img/143.jpg'],300,47.18935546875,36.35743896484375
vgg16baseline,SHHA,test,['/mnt/bigdrive/datasets/crowd-counting/C3Data/test_data//img/112.jpg'],300,78.3133935546875,95.877919921875
vgg16baseline,SHHA,test,['/mnt/bigdrive/datasets/crowd-counting/C3Data/test_data//img/161.jpg'],300,119.06451171875,62.6646875
vgg16baseline,SHHA,test,['/mnt/bigdrive/datasets/crowd-counting/C3Data/test_data//img/53.jpg'],300,35.1857568359375,62.3019775390625
vgg16baseline,SHHA,test,['/mnt/bigdrive/datasets/crowd-counting/C3Data/test_data//img/132.jpg'],300,102.043359375,98.019169921875
vgg16baseline,SHHA,test,['/mnt/bigdrive/datasets/crowd-counting/C3Data/test_data//img/176.jpg'],300,16.85064697265625,23.5609912109375
vgg16baseline,SHHA,test,['/mnt/bigdrive/datasets/crowd-counting/C3Data/test_data//img/137.jpg'],300,38.82255126953125,39.3944189453125
vgg16baseline,SHHA,test,['/mnt/bigdrive/datasets/crowd-counting/C3Data/test_data//img/160.jpg'],300,19.056810302734377,19.022769775390625
vgg16baseline,SHHA,test,['/mnt/bigdrive/datasets/crowd-counting/C3Data/test_data//img/100.jpg'],300,69.8044140625,72.5462744140625
vgg16baseline,SHHA,test,['/mnt/bigdrive/datasets/crowd-counting/C3Data/test_data//img/48.jpg'],300,61.058896484375,63.278564453125
vgg16baseline,SHHA,test,['/mnt/bigdrive/datasets/crowd-counting/C3Data/test_data//img/32.jpg'],300,48.439384765625,43.209912109375
vgg16baseline,SHHA,test,['/mnt/bigdrive/datasets/crowd-counting/C3Data/test_data//img/77.jpg'],300,42.813515625,36.76788818359375
vgg16baseline,SHHA,test,['/mnt/bigdrive/datasets/crowd-counting/C3Data/test_data//img/173.jpg'],300,126.739150390625,130.273212890625
vgg16baseline,SHHA,test,['/mnt/bigdrive/datasets/crowd-counting/C3Data/test_data//img/127.jpg'],300,288.05341796875,146.030869140625
vgg16baseline,SHHA,test,['/mnt/bigdrive/datasets/crowd-counting/C3Data/test_data//img/149.jpg'],300,27.88963623046875,23.47719482421875
vgg16baseline,SHHA,test,['/mnt/bigdrive/datasets/crowd-counting/C3Data/test_data//img/148.jpg'],300,64.4232470703125,76.76869140625
vgg16baseline,SHHA,test,['/mnt/bigdrive/datasets/crowd-counting/C3Data/test_data//img/28.jpg'],300,206.82556640625,218.0787890625
vgg16baseline,SHHA,test,['/mnt/bigdrive/datasets/crowd-counting/C3Data/test_data//img/18.jpg'],300,112.828818359375,96.3327734375
vgg16baseline,SHHA,test,['/mnt/bigdrive/datasets/crowd-counting/C3Data/test_data//img/66.jpg'],300,40.48453857421875,60.0974365234375
vgg16baseline,SHHA,test,['/mnt/bigdrive/datasets/crowd-counting/C3Data/test_data//img/159.jpg'],300,20.0991650390625,35.2908837890625
vgg16baseline,SHHA,test,['/mnt/bigdrive/datasets/crowd-counting/C3Data/test_data//img/74.jpg'],300,84.269169921875,72.7475439453125
vgg16baseline,SHHA,test,['/mnt/bigdrive/datasets/crowd-counting/C3Data/test_data//img/172.jpg'],300,530.0530078125,342.912734375
vgg16baseline,SHHA,test,['/mnt/bigdrive/datasets/crowd-counting/C3Data/test_data//img/70.jpg'],300,40.804951171875,43.7324609375
vgg16baseline,SHHA,test,['/mnt/bigdrive/datasets/crowd-counting/C3Data/test_data//img/9.jpg'],300,4.553040771484375,4.573951721191406
vgg16baseline,SHHA,test,['/mnt/bigdrive/datasets/crowd-counting/C3Data/test_data//img/49.jpg'],300,75.483642578125,72.526328125
vgg16baseline,SHHA,test,['/mnt/bigdrive/datasets/crowd-counting/C3Data/test_data//img/2.jpg'],300,152.939052734375,156.224580078125
vgg16baseline,SHHA,test,['/mnt/bigdrive/datasets/crowd-counting/C3Data/test_data//img/47.jpg'],300,46.0707861328125,62.396142578125
vgg16baseline,SHHA,test,['/mnt/bigdrive/datasets/crowd-counting/C3Data/test_data//img/116.jpg'],300,27.32915283203125,55.8845361328125
vgg16baseline,SHHA,test,['/mnt/bigdrive/datasets/crowd-counting/C3Data/test_data//img/58.jpg'],300,30.617578125,30.660419921875
vgg16baseline,SHHA,test,['/mnt/bigdrive/datasets/crowd-counting/C3Data/test_data//img/136.jpg'],300,23.55296875,21.28382568359375
vgg16baseline,SHHA,test,['/mnt/bigdrive/datasets/crowd-counting/C3Data/test_data//img/129.jpg'],300,26.59578125,25.60857421875
vgg16baseline,SHHA,test,['/mnt/bigdrive/datasets/crowd-counting/C3Data/test_data//img/113.jpg'],300,25.829560546875,72.11375
vgg16baseline,SHHA,test,['/mnt/bigdrive/datasets/crowd-counting/C3Data/test_data//img/54.jpg'],300,150.05052734375,136.759052734375
vgg16baseline,SHHA,test,['/mnt/bigdrive/datasets/crowd-counting/C3Data/test_data//img/60.jpg'],300,110.68958984375,165.57595703125
vgg16baseline,SHHA,test,['/mnt/bigdrive/datasets/crowd-counting/C3Data/test_data//img/6.jpg'],300,68.926826171875,62.337490234375
vgg16baseline,SHHA,test,['/mnt/bigdrive/datasets/crowd-counting/C3Data/test_data//img/90.jpg'],300,446.0244140625,281.72677734375
vgg16baseline,SHHA,test,['/mnt/bigdrive/datasets/crowd-counting/C3Data/test_data//img/82.jpg'],300,46.363740234375,62.21578125
vgg16baseline,SHHA,test,['/mnt/bigdrive/datasets/crowd-counting/C3Data/test_data//img/145.jpg'],300,30.3276220703125,29.1284765625
vgg16baseline,SHHA,test,['/mnt/bigdrive/datasets/crowd-counting/C3Data/test_data//img/55.jpg'],300,25.9168701171875,28.382470703125
vgg16baseline,SHHA,test,['/mnt/bigdrive/datasets/crowd-counting/C3Data/test_data//img/96.jpg'],300,31.08912109375,41.909033203125
vgg16baseline,SHHA,test,['/mnt/bigdrive/datasets/crowd-counting/C3Data/test_data//img/29.jpg'],300,136.809267578125,82.802998046875
vgg16baseline,SHHA,test,['/mnt/bigdrive/datasets/crowd-counting/C3Data/test_data//img/63.jpg'],300,49.13767578125,63.022490234375
vgg16baseline,SHHA,test,['/mnt/bigdrive/datasets/crowd-counting/C3Data/test_data//img/81.jpg'],300,52.446015625,73.244140625
vgg16baseline,SHHA,test,['/mnt/bigdrive/datasets/crowd-counting/C3Data/test_data//img/163.jpg'],300,43.453056640625,51.8256640625
vgg16baseline,SHHA,test,['/mnt/bigdrive/datasets/crowd-counting/C3Data/test_data//img/12.jpg'],300,86.343974609375,55.9703125
vgg16baseline,SHHA,test,['/mnt/bigdrive/datasets/crowd-counting/C3Data/test_data//img/79.jpg'],300,26.9337158203125,22.8676806640625
vgg16baseline,SHHA,test,['/mnt/bigdrive/datasets/crowd-counting/C3Data/test_data//img/1.jpg'],300,91.4758984375,145.54296875
vgg16baseline,SHHA,test,['/mnt/bigdrive/datasets/crowd-counting/C3Data/test_data//img/177.jpg'],300,133.57568359375,114.729296875
vgg16baseline,SHHA,test,['/mnt/bigdrive/datasets/crowd-counting/C3Data/test_data//img/117.jpg'],300,190.6326171875,154.9187109375
vgg16baseline,SHHA,test,['/mnt/bigdrive/datasets/crowd-counting/C3Data/test_data//img/39.jpg'],300,22.656025390625,25.92968017578125
vgg16baseline,SHHA,test,['/mnt/bigdrive/datasets/crowd-counting/C3Data/test_data//img/168.jpg'],300,64.247080078125,80.57693359375
vgg16baseline,SHHA,test,['/mnt/bigdrive/datasets/crowd-counting/C3Data/test_data//img/57.jpg'],300,83.74904296875,82.27365234375
vgg16baseline,SHHA,test,['/mnt/bigdrive/datasets/crowd-counting/C3Data/test_data//img/141.jpg'],300,136.229697265625,105.9388671875
vgg16baseline,SHHA,test,['/mnt/bigdrive/datasets/crowd-counting/C3Data/test_data//img/95.jpg'],300,18.54588623046875,16.485567626953124
vgg16baseline,SHHA,test,['/mnt/bigdrive/datasets/crowd-counting/C3Data/test_data//img/73.jpg'],300,57.5072705078125,79.7050390625
vgg16baseline,SHHA,test,['/mnt/bigdrive/datasets/crowd-counting/C3Data/test_data//img/157.jpg'],300,121.3238671875,157.932998046875
vgg16baseline,SHHA,test,['/mnt/bigdrive/datasets/crowd-counting/C3Data/test_data//img/121.jpg'],300,267.195546875,243.60474609375
vgg16baseline,SHHA,test,['/mnt/bigdrive/datasets/crowd-counting/C3Data/test_data//img/21.jpg'],300,243.2406640625,162.943134765625
vgg16baseline,SHHA,test,['/mnt/bigdrive/datasets/crowd-counting/C3Data/test_data//img/69.jpg'],300,14.420101318359375,14.4966845703125
vgg16baseline,SHHA,test,['/mnt/bigdrive/datasets/crowd-counting/C3Data/test_data//img/140.jpg'],300,8.977017822265625,10.54738525390625
vgg16baseline,SHHA,test,['/mnt/bigdrive/datasets/crowd-counting/C3Data/test_data//img/65.jpg'],300,36.4503857421875,29.7614208984375
vgg16baseline,SHHA,test,['/mnt/bigdrive/datasets/crowd-counting/C3Data/test_data//img/52.jpg'],300,22.68469970703125,28.31749267578125
vgg16baseline,SHHA,test,['/mnt/bigdrive/datasets/crowd-counting/C3Data/test_data//img/34.jpg'],300,10.82608154296875,10.12303955078125
vgg16baseline,SHHA,test,['/mnt/bigdrive/datasets/crowd-counting/C3Data/test_data//img/110.jpg'],300,115.09162109375,84.32376953125
vgg16baseline,SHHA,test,['/mnt/bigdrive/datasets/crowd-counting/C3Data/test_data//img/166.jpg'],300,26.0031103515625,51.1019580078125
vgg16baseline,SHHA,test,['/mnt/bigdrive/datasets/crowd-counting/C3Data/test_data//img/72.jpg'],300,55.494560546875,75.1095458984375
vgg16baseline,SHHA,test,['/mnt/bigdrive/datasets/crowd-counting/C3Data/test_data//img/26.jpg'],300,68.157177734375,66.0141357421875
vgg16baseline,SHHA,test,['/mnt/bigdrive/datasets/crowd-counting/C3Data/test_data//img/8.jpg'],300,391.008125,117.89984375
vgg16baseline,SHHA,test,['/mnt/bigdrive/datasets/crowd-counting/C3Data/test_data//img/108.jpg'],300,22.37501220703125,32.461552734375
vgg16baseline,SHHA,test,['/mnt/bigdrive/datasets/crowd-counting/C3Data/test_data//img/41.jpg'],300,76.787705078125,52.6972119140625
vgg16baseline,SHHA,test,['/mnt/bigdrive/datasets/crowd-counting/C3Data/test_data//img/7.jpg'],300,153.7123046875,142.8204296875
vgg16baseline,SHHA,test,['/mnt/bigdrive/datasets/crowd-counting/C3Data/test_data//img/80.jpg'],300,41.7751025390625,51.994677734375
vgg16baseline,SHHA,test,['/mnt/bigdrive/datasets/crowd-counting/C3Data/test_data//img/38.jpg'],300,111.2471875,76.75287109375
vgg16baseline,SHHA,test,['/mnt/bigdrive/datasets/crowd-counting/C3Data/test_data//img/135.jpg'],300,12.462568359375,13.200980224609374
vgg16baseline,SHHA,test,['/mnt/bigdrive/datasets/crowd-counting/C3Data/test_data//img/20.jpg'],300,67.335048828125,75.692529296875
vgg16baseline,SHHA,test,['/mnt/bigdrive/datasets/crowd-counting/C3Data/test_data//img/84.jpg'],300,14.89396240234375,24.8923095703125
vgg16baseline,SHHA,test,['/mnt/bigdrive/datasets/crowd-counting/C3Data/test_data//img/164.jpg'],300,58.67626953125,57.5726416015625
vgg16baseline,SHHA,test,['/mnt/bigdrive/datasets/crowd-counting/C3Data/test_data//img/126.jpg'],300,12.74069091796875,20.47909912109375
vgg16baseline,SHHA,test,['/mnt/bigdrive/datasets/crowd-counting/C3Data/test_data//img/122.jpg'],300,319.53326171875,182.6362890625
vgg16baseline,SHHA,test,['/mnt/bigdrive/datasets/crowd-counting/C3Data/test_data//img/156.jpg'],300,59.4778125,70.6565087890625
vgg16baseline,SHHA,test,['/mnt/bigdrive/datasets/crowd-counting/C3Data/test_data//img/107.jpg'],300,5.99997802734375,16.787281494140625
vgg16baseline,SHHA,test,['/mnt/bigdrive/datasets/crowd-counting/C3Data/test_data//img/115.jpg'],300,152.850849609375,101.658720703125
vgg16baseline,SHHA,test,['/mnt/bigdrive/datasets/crowd-counting/C3Data/test_data//img/178.jpg'],300,15.556295166015625,9.137315063476562
vgg16baseline,SHHA,test,['/mnt/bigdrive/datasets/crowd-counting/C3Data/test_data//img/68.jpg'],300,79.2232568359375,79.953720703125
vgg16baseline,SHHA,test,['/mnt/bigdrive/datasets/crowd-counting/C3Data/test_data//img/104.jpg'],300,122.335087890625,123.60619140625
vgg16baseline,SHHA,test,['/mnt/bigdrive/datasets/crowd-counting/C3Data/test_data//img/45.jpg'],300,13.99994873046875,39.04569091796875
vgg16baseline,SHHA,test,['/mnt/bigdrive/datasets/crowd-counting/C3Data/test_data//img/130.jpg'],300,131.368203125,114.53837890625
vgg16baseline,SHHA,test,['/mnt/bigdrive/datasets/crowd-counting/C3Data/test_data//img/25.jpg'],300,127.14533203125,84.34384765625
vgg16baseline,SHHA,test,['/mnt/bigdrive/datasets/crowd-counting/C3Data/test_data//img/167.jpg'],300,10.173709106445312,14.07102294921875
vgg16baseline,SHHA,test,['/mnt/bigdrive/datasets/crowd-counting/C3Data/test_data//img/155.jpg'],300,12.601080322265625,41.6081787109375
vgg16baseline,SHHA,test,['/mnt/bigdrive/datasets/crowd-counting/C3Data/test_data//img/150.jpg'],300,151.784306640625,104.289658203125
vgg16baseline,SHHA,test,['/mnt/bigdrive/datasets/crowd-counting/C3Data/test_data//img/99.jpg'],300,61.99435546875,28.9156640625
vgg16baseline,SHHA,test,['/mnt/bigdrive/datasets/crowd-counting/C3Data/test_data//img/179.jpg'],300,101.576103515625,60.4363671875
vgg16baseline,SHHA,test,['/mnt/bigdrive/datasets/crowd-counting/C3Data/test_data//img/87.jpg'],300,99.115859375,99.403056640625
vgg16baseline,SHHA,test,['/mnt/bigdrive/datasets/crowd-counting/C3Data/test_data//img/162.jpg'],300,23.55980224609375,37.5811474609375
vgg16baseline,SHHA,test,['/mnt/bigdrive/datasets/crowd-counting/C3Data/test_data//img/36.jpg'],300,482.641328125,256.56701171875
vgg16baseline,SHHA,test,['/mnt/bigdrive/datasets/crowd-counting/C3Data/test_data//img/61.jpg'],300,24.420703125,16.17617431640625
vgg16baseline,SHHA,test,['/mnt/bigdrive/datasets/crowd-counting/C3Data/test_data//img/56.jpg'],300,69.5439111328125,61.4076416015625
vgg16baseline,SHHA,test,['/mnt/bigdrive/datasets/crowd-counting/C3Data/test_data//img/181.jpg'],300,31.15445068359375,30.98109375
vgg16baseline,SHHA,test,['/mnt/bigdrive/datasets/crowd-counting/C3Data/test_data//img/153.jpg'],300,63.73732421875,52.3445166015625
vgg16baseline,SHHA,test,['/mnt/bigdrive/datasets/crowd-counting/C3Data/test_data//img/86.jpg'],300,65.4433349609375,50.5149267578125
vgg16baseline,SHHA,test,['/mnt/bigdrive/datasets/crowd-counting/C3Data/test_data//img/120.jpg'],300,11.658997802734374,16.249046630859375
vgg16baseline,SHHA,test,['/mnt/bigdrive/datasets/crowd-counting/C3Data/test_data//img/139.jpg'],300,179.8614453125,172.14865234375
vgg16baseline,SHHA,test,['/mnt/bigdrive/datasets/crowd-counting/C3Data/test_data//img/13.jpg'],300,199.6598046875,158.236845703125
vgg16baseline,SHHA,test,['/mnt/bigdrive/datasets/crowd-counting/C3Data/test_data//img/33.jpg'],300,151.484892578125,123.103271484375
vgg16baseline,SHHA,test,['/mnt/bigdrive/datasets/crowd-counting/C3Data/test_data//img/42.jpg'],300,239.330625,183.99685546875
vgg16baseline,SHHA,test,['/mnt/bigdrive/datasets/crowd-counting/C3Data/test_data//img/134.jpg'],300,18.78796630859375,15.50899658203125
vgg16baseline,SHHA,test,['/mnt/bigdrive/datasets/crowd-counting/C3Data/test_data//img/59.jpg'],300,65.7027392578125,82.020927734375
vgg16baseline,SHHA,test,['/mnt/bigdrive/datasets/crowd-counting/C3Data/test_data//img/88.jpg'],300,29.2087255859375,44.243974609375
vgg16baseline,SHHA,test,['/mnt/bigdrive/datasets/crowd-counting/C3Data/test_data//img/114.jpg'],300,28.713203125,49.71220703125
vgg16baseline,SHHA,test,['/mnt/bigdrive/datasets/crowd-counting/C3Data/test_data//img/22.jpg'],300,79.4500732421875,93.994775390625
vgg16baseline,SHHA,test,['/mnt/bigdrive/datasets/crowd-counting/C3Data/test_data//img/133.jpg'],300,25.151474609375,25.055244140625
vgg16baseline,SHHA,test,['/mnt/bigdrive/datasets/crowd-counting/C3Data/test_data//img/10.jpg'],300,72.817978515625,64.91916015625
vgg16baseline,SHHA,test,['/mnt/bigdrive/datasets/crowd-counting/C3Data/test_data//img/97.jpg'],300,85.5110546875,78.988818359375
vgg16baseline,SHHA,test,['/mnt/bigdrive/datasets/crowd-counting/C3Data/test_data//img/158.jpg'],300,83.00103515625,97.2578125
vgg16baseline,SHHA,test,['/mnt/bigdrive/datasets/crowd-counting/C3Data/test_data//img/106.jpg'],300,201.65470703125,146.428115234375
vgg16baseline,SHHA,test,['/mnt/bigdrive/datasets/crowd-counting/C3Data/test_data//img/83.jpg'],300,29.6275439453125,37.4193115234375
vgg16baseline,SHHA,test,['/mnt/bigdrive/datasets/crowd-counting/C3Data/test_data//img/44.jpg'],300,39.4766259765625,42.22693359375
vgg16baseline,SHHA,test,['/mnt/bigdrive/datasets/crowd-counting/C3Data/test_data//img/94.jpg'],300,8.44691162109375,9.528682861328125
vgg16baseline,SHHA,test,['/mnt/bigdrive/datasets/crowd-counting/C3Data/test_data//img/171.jpg'],300,28.2582373046875,36.9181396484375
vgg16baseline,SHHA,test,['/mnt/bigdrive/datasets/crowd-counting/C3Data/test_data//img/103.jpg'],300,51.0603466796875,56.2332275390625
vgg16baseline,SHHA,test,['/mnt/bigdrive/datasets/crowd-counting/C3Data/test_data//img/40.jpg'],300,70.1900537109375,77.757265625
vgg16baseline,SHHA,test,['/mnt/bigdrive/datasets/crowd-counting/C3Data/test_data//img/85.jpg'],300,16.867802734375,16.847333984375
vgg16baseline,SHHA,test,['/mnt/bigdrive/datasets/crowd-counting/C3Data/test_data//img/64.jpg'],300,93.0759375,119.170595703125
